{"0":{"class":"fa fa-address-book","name":"address-book"},"1":{"class":"fa fa-address-book-o","name":"address-book-o"},"2":{"class":"fa fa-address-card","name":"address-card"},"3":{"class":"fa fa-address-card-o","name":"address-card-o"},"4":{"class":"fa fa-bandcamp","name":"bandcamp"},"5":{"class":"fa fa-bath","name":"bath"},"6":{"class":"fa fa-bathtub","name":"bathtub (alias)"},"7":{"class":"fa fa-drivers-license","name":"drivers-license (alias)"},"8":{"class":"fa fa-drivers-license-o","name":"drivers-license-o (alias)"},"9":{"class":"fa fa-eercast","name":"eercast"},"10":{"class":"fa fa-envelope-open","name":"envelope-open"},"11":{"class":"fa fa-envelope-open-o","name":"envelope-open-o"},"12":{"class":"fa fa-etsy","name":"etsy"},"13":{"class":"fa fa-free-code-camp","name":"free-code-camp"},"14":{"class":"fa fa-grav","name":"grav"},"15":{"class":"fa fa-handshake-o","name":"handshake-o"},"16":{"class":"fa fa-id-badge","name":"id-badge"},"17":{"class":"fa fa-id-card","name":"id-card"},"18":{"class":"fa fa-id-card-o","name":"id-card-o"},"19":{"class":"fa fa-imdb","name":"imdb"},"20":{"class":"fa fa-linode","name":"linode"},"21":{"class":"fa fa-meetup","name":"meetup"},"22":{"class":"fa fa-microchip","name":"microchip"},"23":{"class":"fa fa-podcast","name":"podcast"},"24":{"class":"fa fa-quora","name":"quora"},"25":{"class":"fa fa-ravelry","name":"ravelry"},"26":{"class":"fa fa-s15","name":"s15 (alias)"},"27":{"class":"fa fa-shower","name":"shower"},"28":{"class":"fa fa-snowflake-o","name":"snowflake-o"},"29":{"class":"fa fa-superpowers","name":"superpowers"},"30":{"class":"fa fa-telegram","name":"telegram"},"31":{"class":"fa fa-thermometer","name":"thermometer (alias)"},"32":{"class":"fa fa-thermometer-0","name":"thermometer-0 (alias)"},"33":{"class":"fa fa-thermometer-1","name":"thermometer-1 (alias)"},"34":{"class":"fa fa-thermometer-2","name":"thermometer-2 (alias)"},"35":{"class":"fa fa-thermometer-3","name":"thermometer-3 (alias)"},"36":{"class":"fa fa-thermometer-4","name":"thermometer-4 (alias)"},"37":{"class":"fa fa-thermometer-empty","name":"thermometer-empty"},"38":{"class":"fa fa-thermometer-full","name":"thermometer-full"},"39":{"class":"fa fa-thermometer-half","name":"thermometer-half"},"40":{"class":"fa fa-thermometer-quarter","name":"thermometer-quarter"},"41":{"class":"fa fa-thermometer-three-quarters","name":"thermometer-three-quarters"},"42":{"class":"fa fa-times-rectangle","name":"times-rectangle (alias)"},"43":{"class":"fa fa-times-rectangle-o","name":"times-rectangle-o (alias)"},"44":{"class":"fa fa-user-circle","name":"user-circle"},"45":{"class":"fa fa-user-circle-o","name":"user-circle-o"},"46":{"class":"fa fa-user-o","name":"user-o"},"47":{"class":"fa fa-vcard","name":"vcard (alias)"},"48":{"class":"fa fa-vcard-o","name":"vcard-o (alias)"},"49":{"class":"fa fa-window-close","name":"window-close"},"50":{"class":"fa fa-window-close-o","name":"window-close-o"},"51":{"class":"fa fa-window-maximize","name":"window-maximize"},"52":{"class":"fa fa-window-minimize","name":"window-minimize"},"53":{"class":"fa fa-window-restore","name":"window-restore"},"54":{"class":"fa fa-wpexplorer","name":"wpexplorer"},"55":{"class":"fa fa-address-book","name":"address-book"},"56":{"class":"fa fa-address-book-o","name":"address-book-o"},"57":{"class":"fa fa-address-card","name":"address-card"},"58":{"class":"fa fa-address-card-o","name":"address-card-o"},"59":{"class":"fa fa-adjust","name":"adjust"},"60":{"class":"fa fa-american-sign-language-interpreting","name":"american-sign-language-interpreting"},"61":{"class":"fa fa-anchor","name":"anchor"},"62":{"class":"fa fa-archive","name":"archive"},"63":{"class":"fa fa-area-chart","name":"area-chart"},"64":{"class":"fa fa-arrows","name":"arrows"},"65":{"class":"fa fa-arrows-h","name":"arrows-h"},"66":{"class":"fa fa-arrows-v","name":"arrows-v"},"67":{"class":"fa fa-asl-interpreting","name":"asl-interpreting (alias)"},"68":{"class":"fa fa-assistive-listening-systems","name":"assistive-listening-systems"},"69":{"class":"fa fa-asterisk","name":"asterisk"},"70":{"class":"fa fa-at","name":"at"},"71":{"class":"fa fa-audio-description","name":"audio-description"},"72":{"class":"fa fa-automobile","name":"automobile (alias)"},"73":{"class":"fa fa-balance-scale","name":"balance-scale"},"74":{"class":"fa fa-ban","name":"ban"},"75":{"class":"fa fa-bank","name":"bank (alias)"},"76":{"class":"fa fa-bar-chart","name":"bar-chart"},"77":{"class":"fa fa-bar-chart-o","name":"bar-chart-o (alias)"},"78":{"class":"fa fa-barcode","name":"barcode"},"79":{"class":"fa fa-bars","name":"bars"},"80":{"class":"fa fa-bath","name":"bath"},"81":{"class":"fa fa-bathtub","name":"bathtub (alias)"},"82":{"class":"fa fa-battery","name":"battery (alias)"},"83":{"class":"fa fa-battery-0","name":"battery-0 (alias)"},"84":{"class":"fa fa-battery-1","name":"battery-1 (alias)"},"85":{"class":"fa fa-battery-2","name":"battery-2 (alias)"},"86":{"class":"fa fa-battery-3","name":"battery-3 (alias)"},"87":{"class":"fa fa-battery-4","name":"battery-4 (alias)"},"88":{"class":"fa fa-battery-empty","name":"battery-empty"},"89":{"class":"fa fa-battery-full","name":"battery-full"},"90":{"class":"fa fa-battery-half","name":"battery-half"},"91":{"class":"fa fa-battery-quarter","name":"battery-quarter"},"92":{"class":"fa fa-battery-three-quarters","name":"battery-three-quarters"},"93":{"class":"fa fa-bed","name":"bed"},"94":{"class":"fa fa-beer","name":"beer"},"95":{"class":"fa fa-bell","name":"bell"},"96":{"class":"fa fa-bell-o","name":"bell-o"},"97":{"class":"fa fa-bell-slash","name":"bell-slash"},"98":{"class":"fa fa-bell-slash-o","name":"bell-slash-o"},"99":{"class":"fa fa-bicycle","name":"bicycle"},"100":{"class":"fa fa-binoculars","name":"binoculars"},"101":{"class":"fa fa-birthday-cake","name":"birthday-cake"},"102":{"class":"fa fa-blind","name":"blind"},"103":{"class":"fa fa-bluetooth","name":"bluetooth"},"104":{"class":"fa fa-bluetooth-b","name":"bluetooth-b"},"105":{"class":"fa fa-bolt","name":"bolt"},"106":{"class":"fa fa-bomb","name":"bomb"},"107":{"class":"fa fa-book","name":"book"},"108":{"class":"fa fa-bookmark","name":"bookmark"},"109":{"class":"fa fa-bookmark-o","name":"bookmark-o"},"110":{"class":"fa fa-braille","name":"braille"},"111":{"class":"fa fa-briefcase","name":"briefcase"},"112":{"class":"fa fa-bug","name":"bug"},"113":{"class":"fa fa-building","name":"building"},"114":{"class":"fa fa-building-o","name":"building-o"},"115":{"class":"fa fa-bullhorn","name":"bullhorn"},"116":{"class":"fa fa-bullseye","name":"bullseye"},"117":{"class":"fa fa-bus","name":"bus"},"118":{"class":"fa fa-cab","name":"cab (alias)"},"119":{"class":"fa fa-calculator","name":"calculator"},"120":{"class":"fa fa-calendar","name":"calendar"},"121":{"class":"fa fa-calendar-check-o","name":"calendar-check-o"},"122":{"class":"fa fa-calendar-minus-o","name":"calendar-minus-o"},"123":{"class":"fa fa-calendar-o","name":"calendar-o"},"124":{"class":"fa fa-calendar-plus-o","name":"calendar-plus-o"},"125":{"class":"fa fa-calendar-times-o","name":"calendar-times-o"},"126":{"class":"fa fa-camera","name":"camera"},"127":{"class":"fa fa-camera-retro","name":"camera-retro"},"128":{"class":"fa fa-car","name":"car"},"129":{"class":"fa fa-caret-square-o-down","name":"caret-square-o-down"},"130":{"class":"fa fa-caret-square-o-left","name":"caret-square-o-left"},"131":{"class":"fa fa-caret-square-o-right","name":"caret-square-o-right"},"132":{"class":"fa fa-caret-square-o-up","name":"caret-square-o-up"},"133":{"class":"fa fa-cart-arrow-down","name":"cart-arrow-down"},"134":{"class":"fa fa-cart-plus","name":"cart-plus"},"135":{"class":"fa fa-cc","name":"cc"},"136":{"class":"fa fa-certificate","name":"certificate"},"137":{"class":"fa fa-check","name":"check"},"138":{"class":"fa fa-check-circle","name":"check-circle"},"139":{"class":"fa fa-check-circle-o","name":"check-circle-o"},"140":{"class":"fa fa-check-square","name":"check-square"},"141":{"class":"fa fa-check-square-o","name":"check-square-o"},"142":{"class":"fa fa-child","name":"child"},"143":{"class":"fa fa-circle","name":"circle"},"144":{"class":"fa fa-circle-o","name":"circle-o"},"145":{"class":"fa fa-circle-o-notch","name":"circle-o-notch"},"146":{"class":"fa fa-circle-thin","name":"circle-thin"},"147":{"class":"fa fa-clock-o","name":"clock-o"},"148":{"class":"fa fa-clone","name":"clone"},"149":{"class":"fa fa-close","name":"close (alias)"},"150":{"class":"fa fa-cloud","name":"cloud"},"151":{"class":"fa fa-cloud-download","name":"cloud-download"},"152":{"class":"fa fa-cloud-upload","name":"cloud-upload"},"153":{"class":"fa fa-code","name":"code"},"154":{"class":"fa fa-code-fork","name":"code-fork"},"155":{"class":"fa fa-coffee","name":"coffee"},"156":{"class":"fa fa-cog","name":"cog"},"157":{"class":"fa fa-cogs","name":"cogs"},"158":{"class":"fa fa-comment","name":"comment"},"159":{"class":"fa fa-comment-o","name":"comment-o"},"160":{"class":"fa fa-commenting","name":"commenting"},"161":{"class":"fa fa-commenting-o","name":"commenting-o"},"162":{"class":"fa fa-comments","name":"comments"},"163":{"class":"fa fa-comments-o","name":"comments-o"},"164":{"class":"fa fa-compass","name":"compass"},"165":{"class":"fa fa-copyright","name":"copyright"},"166":{"class":"fa fa-creative-commons","name":"creative-commons"},"167":{"class":"fa fa-credit-card","name":"credit-card"},"168":{"class":"fa fa-credit-card-alt","name":"credit-card-alt"},"169":{"class":"fa fa-crop","name":"crop"},"170":{"class":"fa fa-crosshairs","name":"crosshairs"},"171":{"class":"fa fa-cube","name":"cube"},"172":{"class":"fa fa-cubes","name":"cubes"},"173":{"class":"fa fa-cutlery","name":"cutlery"},"174":{"class":"fa fa-dashboard","name":"dashboard (alias)"},"175":{"class":"fa fa-database","name":"database"},"176":{"class":"fa fa-deaf","name":"deaf"},"177":{"class":"fa fa-deafness","name":"deafness (alias)"},"178":{"class":"fa fa-desktop","name":"desktop"},"179":{"class":"fa fa-diamond","name":"diamond"},"180":{"class":"fa fa-dot-circle-o","name":"dot-circle-o"},"181":{"class":"fa fa-download","name":"download"},"182":{"class":"fa fa-drivers-license","name":"drivers-license (alias)"},"183":{"class":"fa fa-drivers-license-o","name":"drivers-license-o (alias)"},"184":{"class":"fa fa-edit","name":"edit (alias)"},"185":{"class":"fa fa-ellipsis-h","name":"ellipsis-h"},"186":{"class":"fa fa-ellipsis-v","name":"ellipsis-v"},"187":{"class":"fa fa-envelope","name":"envelope"},"188":{"class":"fa fa-envelope-o","name":"envelope-o"},"189":{"class":"fa fa-envelope-open","name":"envelope-open"},"190":{"class":"fa fa-envelope-open-o","name":"envelope-open-o"},"191":{"class":"fa fa-envelope-square","name":"envelope-square"},"192":{"class":"fa fa-eraser","name":"eraser"},"193":{"class":"fa fa-exchange","name":"exchange"},"194":{"class":"fa fa-exclamation","name":"exclamation"},"195":{"class":"fa fa-exclamation-circle","name":"exclamation-circle"},"196":{"class":"fa fa-exclamation-triangle","name":"exclamation-triangle"},"197":{"class":"fa fa-external-link","name":"external-link"},"198":{"class":"fa fa-external-link-square","name":"external-link-square"},"199":{"class":"fa fa-eye","name":"eye"},"200":{"class":"fa fa-eye-slash","name":"eye-slash"},"201":{"class":"fa fa-eyedropper","name":"eyedropper"},"202":{"class":"fa fa-fax","name":"fax"},"203":{"class":"fa fa-feed","name":"feed (alias)"},"204":{"class":"fa fa-female","name":"female"},"205":{"class":"fa fa-fighter-jet","name":"fighter-jet"},"206":{"class":"fa fa-file-archive-o","name":"file-archive-o"},"207":{"class":"fa fa-file-audio-o","name":"file-audio-o"},"208":{"class":"fa fa-file-code-o","name":"file-code-o"},"209":{"class":"fa fa-file-excel-o","name":"file-excel-o"},"210":{"class":"fa fa-file-image-o","name":"file-image-o"},"211":{"class":"fa fa-file-movie-o","name":"file-movie-o (alias)"},"212":{"class":"fa fa-file-pdf-o","name":"file-pdf-o"},"213":{"class":"fa fa-file-photo-o","name":"file-photo-o (alias)"},"214":{"class":"fa fa-file-picture-o","name":"file-picture-o (alias)"},"215":{"class":"fa fa-file-powerpoint-o","name":"file-powerpoint-o"},"216":{"class":"fa fa-file-sound-o","name":"file-sound-o (alias)"},"217":{"class":"fa fa-file-video-o","name":"file-video-o"},"218":{"class":"fa fa-file-word-o","name":"file-word-o"},"219":{"class":"fa fa-file-zip-o","name":"file-zip-o (alias)"},"220":{"class":"fa fa-film","name":"film"},"221":{"class":"fa fa-filter","name":"filter"},"222":{"class":"fa fa-fire","name":"fire"},"223":{"class":"fa fa-fire-extinguisher","name":"fire-extinguisher"},"224":{"class":"fa fa-flag","name":"flag"},"225":{"class":"fa fa-flag-checkered","name":"flag-checkered"},"226":{"class":"fa fa-flag-o","name":"flag-o"},"227":{"class":"fa fa-flash","name":"flash (alias)"},"228":{"class":"fa fa-flask","name":"flask"},"229":{"class":"fa fa-folder","name":"folder"},"230":{"class":"fa fa-folder-o","name":"folder-o"},"231":{"class":"fa fa-folder-open","name":"folder-open"},"232":{"class":"fa fa-folder-open-o","name":"folder-open-o"},"233":{"class":"fa fa-frown-o","name":"frown-o"},"234":{"class":"fa fa-futbol-o","name":"futbol-o"},"235":{"class":"fa fa-gamepad","name":"gamepad"},"236":{"class":"fa fa-gavel","name":"gavel"},"237":{"class":"fa fa-gear","name":"gear (alias)"},"238":{"class":"fa fa-gears","name":"gears (alias)"},"239":{"class":"fa fa-gift","name":"gift"},"240":{"class":"fa fa-glass","name":"glass"},"241":{"class":"fa fa-globe","name":"globe"},"242":{"class":"fa fa-graduation-cap","name":"graduation-cap"},"243":{"class":"fa fa-group","name":"group (alias)"},"244":{"class":"fa fa-hand-grab-o","name":"hand-grab-o (alias)"},"245":{"class":"fa fa-hand-lizard-o","name":"hand-lizard-o"},"246":{"class":"fa fa-hand-paper-o","name":"hand-paper-o"},"247":{"class":"fa fa-hand-peace-o","name":"hand-peace-o"},"248":{"class":"fa fa-hand-pointer-o","name":"hand-pointer-o"},"249":{"class":"fa fa-hand-rock-o","name":"hand-rock-o"},"250":{"class":"fa fa-hand-scissors-o","name":"hand-scissors-o"},"251":{"class":"fa fa-hand-spock-o","name":"hand-spock-o"},"252":{"class":"fa fa-hand-stop-o","name":"hand-stop-o (alias)"},"253":{"class":"fa fa-handshake-o","name":"handshake-o"},"254":{"class":"fa fa-hard-of-hearing","name":"hard-of-hearing (alias)"},"255":{"class":"fa fa-hashtag","name":"hashtag"},"256":{"class":"fa fa-hdd-o","name":"hdd-o"},"257":{"class":"fa fa-headphones","name":"headphones"},"258":{"class":"fa fa-heart","name":"heart"},"259":{"class":"fa fa-heart-o","name":"heart-o"},"260":{"class":"fa fa-heartbeat","name":"heartbeat"},"261":{"class":"fa fa-history","name":"history"},"262":{"class":"fa fa-home","name":"home"},"263":{"class":"fa fa-hotel","name":"hotel (alias)"},"264":{"class":"fa fa-hourglass","name":"hourglass"},"265":{"class":"fa fa-hourglass-1","name":"hourglass-1 (alias)"},"266":{"class":"fa fa-hourglass-2","name":"hourglass-2 (alias)"},"267":{"class":"fa fa-hourglass-3","name":"hourglass-3 (alias)"},"268":{"class":"fa fa-hourglass-end","name":"hourglass-end"},"269":{"class":"fa fa-hourglass-half","name":"hourglass-half"},"270":{"class":"fa fa-hourglass-o","name":"hourglass-o"},"271":{"class":"fa fa-hourglass-start","name":"hourglass-start"},"272":{"class":"fa fa-i-cursor","name":"i-cursor"},"273":{"class":"fa fa-id-badge","name":"id-badge"},"274":{"class":"fa fa-id-card","name":"id-card"},"275":{"class":"fa fa-id-card-o","name":"id-card-o"},"276":{"class":"fa fa-image","name":"image (alias)"},"277":{"class":"fa fa-inbox","name":"inbox"},"278":{"class":"fa fa-industry","name":"industry"},"279":{"class":"fa fa-info","name":"info"},"280":{"class":"fa fa-info-circle","name":"info-circle"},"281":{"class":"fa fa-institution","name":"institution (alias)"},"282":{"class":"fa fa-key","name":"key"},"283":{"class":"fa fa-keyboard-o","name":"keyboard-o"},"284":{"class":"fa fa-language","name":"language"},"285":{"class":"fa fa-laptop","name":"laptop"},"286":{"class":"fa fa-leaf","name":"leaf"},"287":{"class":"fa fa-legal","name":"legal (alias)"},"288":{"class":"fa fa-lemon-o","name":"lemon-o"},"289":{"class":"fa fa-level-down","name":"level-down"},"290":{"class":"fa fa-level-up","name":"level-up"},"291":{"class":"fa fa-life-bouy","name":"life-bouy (alias)"},"292":{"class":"fa fa-life-buoy","name":"life-buoy (alias)"},"293":{"class":"fa fa-life-ring","name":"life-ring"},"294":{"class":"fa fa-life-saver","name":"life-saver (alias)"},"295":{"class":"fa fa-lightbulb-o","name":"lightbulb-o"},"296":{"class":"fa fa-line-chart","name":"line-chart"},"297":{"class":"fa fa-location-arrow","name":"location-arrow"},"298":{"class":"fa fa-lock","name":"lock"},"299":{"class":"fa fa-low-vision","name":"low-vision"},"300":{"class":"fa fa-magic","name":"magic"},"301":{"class":"fa fa-magnet","name":"magnet"},"302":{"class":"fa fa-mail-forward","name":"mail-forward (alias)"},"303":{"class":"fa fa-mail-reply","name":"mail-reply (alias)"},"304":{"class":"fa fa-mail-reply-all","name":"mail-reply-all (alias)"},"305":{"class":"fa fa-male","name":"male"},"306":{"class":"fa fa-map","name":"map"},"307":{"class":"fa fa-map-marker","name":"map-marker"},"308":{"class":"fa fa-map-o","name":"map-o"},"309":{"class":"fa fa-map-pin","name":"map-pin"},"310":{"class":"fa fa-map-signs","name":"map-signs"},"311":{"class":"fa fa-meh-o","name":"meh-o"},"312":{"class":"fa fa-microchip","name":"microchip"},"313":{"class":"fa fa-microphone","name":"microphone"},"314":{"class":"fa fa-microphone-slash","name":"microphone-slash"},"315":{"class":"fa fa-minus","name":"minus"},"316":{"class":"fa fa-minus-circle","name":"minus-circle"},"317":{"class":"fa fa-minus-square","name":"minus-square"},"318":{"class":"fa fa-minus-square-o","name":"minus-square-o"},"319":{"class":"fa fa-mobile","name":"mobile"},"320":{"class":"fa fa-mobile-phone","name":"mobile-phone (alias)"},"321":{"class":"fa fa-money","name":"money"},"322":{"class":"fa fa-moon-o","name":"moon-o"},"323":{"class":"fa fa-mortar-board","name":"mortar-board (alias)"},"324":{"class":"fa fa-motorcycle","name":"motorcycle"},"325":{"class":"fa fa-mouse-pointer","name":"mouse-pointer"},"326":{"class":"fa fa-music","name":"music"},"327":{"class":"fa fa-navicon","name":"navicon (alias)"},"328":{"class":"fa fa-newspaper-o","name":"newspaper-o"},"329":{"class":"fa fa-object-group","name":"object-group"},"330":{"class":"fa fa-object-ungroup","name":"object-ungroup"},"331":{"class":"fa fa-paint-brush","name":"paint-brush"},"332":{"class":"fa fa-paper-plane","name":"paper-plane"},"333":{"class":"fa fa-paper-plane-o","name":"paper-plane-o"},"334":{"class":"fa fa-paw","name":"paw"},"335":{"class":"fa fa-pencil","name":"pencil"},"336":{"class":"fa fa-pencil-square","name":"pencil-square"},"337":{"class":"fa fa-pencil-square-o","name":"pencil-square-o"},"338":{"class":"fa fa-percent","name":"percent"},"339":{"class":"fa fa-phone","name":"phone"},"340":{"class":"fa fa-phone-square","name":"phone-square"},"341":{"class":"fa fa-photo","name":"photo (alias)"},"342":{"class":"fa fa-picture-o","name":"picture-o"},"343":{"class":"fa fa-pie-chart","name":"pie-chart"},"344":{"class":"fa fa-plane","name":"plane"},"345":{"class":"fa fa-plug","name":"plug"},"346":{"class":"fa fa-plus","name":"plus"},"347":{"class":"fa fa-plus-circle","name":"plus-circle"},"348":{"class":"fa fa-plus-square","name":"plus-square"},"349":{"class":"fa fa-plus-square-o","name":"plus-square-o"},"350":{"class":"fa fa-podcast","name":"podcast"},"351":{"class":"fa fa-power-off","name":"power-off"},"352":{"class":"fa fa-print","name":"print"},"353":{"class":"fa fa-puzzle-piece","name":"puzzle-piece"},"354":{"class":"fa fa-qrcode","name":"qrcode"},"355":{"class":"fa fa-question","name":"question"},"356":{"class":"fa fa-question-circle","name":"question-circle"},"357":{"class":"fa fa-question-circle-o","name":"question-circle-o"},"358":{"class":"fa fa-quote-left","name":"quote-left"},"359":{"class":"fa fa-quote-right","name":"quote-right"},"360":{"class":"fa fa-random","name":"random"},"361":{"class":"fa fa-recycle","name":"recycle"},"362":{"class":"fa fa-refresh","name":"refresh"},"363":{"class":"fa fa-registered","name":"registered"},"364":{"class":"fa fa-remove","name":"remove (alias)"},"365":{"class":"fa fa-reorder","name":"reorder (alias)"},"366":{"class":"fa fa-reply","name":"reply"},"367":{"class":"fa fa-reply-all","name":"reply-all"},"368":{"class":"fa fa-retweet","name":"retweet"},"369":{"class":"fa fa-road","name":"road"},"370":{"class":"fa fa-rocket","name":"rocket"},"371":{"class":"fa fa-rss","name":"rss"},"372":{"class":"fa fa-rss-square","name":"rss-square"},"373":{"class":"fa fa-s15","name":"s15 (alias)"},"374":{"class":"fa fa-search","name":"search"},"375":{"class":"fa fa-search-minus","name":"search-minus"},"376":{"class":"fa fa-search-plus","name":"search-plus"},"377":{"class":"fa fa-send","name":"send (alias)"},"378":{"class":"fa fa-send-o","name":"send-o (alias)"},"379":{"class":"fa fa-server","name":"server"},"380":{"class":"fa fa-share","name":"share"},"381":{"class":"fa fa-share-alt","name":"share-alt"},"382":{"class":"fa fa-share-alt-square","name":"share-alt-square"},"383":{"class":"fa fa-share-square","name":"share-square"},"384":{"class":"fa fa-share-square-o","name":"share-square-o"},"385":{"class":"fa fa-shield","name":"shield"},"386":{"class":"fa fa-ship","name":"ship"},"387":{"class":"fa fa-shopping-bag","name":"shopping-bag"},"388":{"class":"fa fa-shopping-basket","name":"shopping-basket"},"389":{"class":"fa fa-shopping-cart","name":"shopping-cart"},"390":{"class":"fa fa-shower","name":"shower"},"391":{"class":"fa fa-sign-in","name":"sign-in"},"392":{"class":"fa fa-sign-language","name":"sign-language"},"393":{"class":"fa fa-sign-out","name":"sign-out"},"394":{"class":"fa fa-signal","name":"signal"},"395":{"class":"fa fa-signing","name":"signing (alias)"},"396":{"class":"fa fa-sitemap","name":"sitemap"},"397":{"class":"fa fa-sliders","name":"sliders"},"398":{"class":"fa fa-smile-o","name":"smile-o"},"399":{"class":"fa fa-snowflake-o","name":"snowflake-o"},"400":{"class":"fa fa-soccer-ball-o","name":"soccer-ball-o (alias)"},"401":{"class":"fa fa-sort","name":"sort"},"402":{"class":"fa fa-sort-alpha-asc","name":"sort-alpha-asc"},"403":{"class":"fa fa-sort-alpha-desc","name":"sort-alpha-desc"},"404":{"class":"fa fa-sort-amount-asc","name":"sort-amount-asc"},"405":{"class":"fa fa-sort-amount-desc","name":"sort-amount-desc"},"406":{"class":"fa fa-sort-asc","name":"sort-asc"},"407":{"class":"fa fa-sort-desc","name":"sort-desc"},"408":{"class":"fa fa-sort-down","name":"sort-down (alias)"},"409":{"class":"fa fa-sort-numeric-asc","name":"sort-numeric-asc"},"410":{"class":"fa fa-sort-numeric-desc","name":"sort-numeric-desc"},"411":{"class":"fa fa-sort-up","name":"sort-up (alias)"},"412":{"class":"fa fa-space-shuttle","name":"space-shuttle"},"413":{"class":"fa fa-spinner","name":"spinner"},"414":{"class":"fa fa-spoon","name":"spoon"},"415":{"class":"fa fa-square","name":"square"},"416":{"class":"fa fa-square-o","name":"square-o"},"417":{"class":"fa fa-star","name":"star"},"418":{"class":"fa fa-star-half","name":"star-half"},"419":{"class":"fa fa-star-half-empty","name":"star-half-empty (alias)"},"420":{"class":"fa fa-star-half-full","name":"star-half-full (alias)"},"421":{"class":"fa fa-star-half-o","name":"star-half-o"},"422":{"class":"fa fa-star-o","name":"star-o"},"423":{"class":"fa fa-sticky-note","name":"sticky-note"},"424":{"class":"fa fa-sticky-note-o","name":"sticky-note-o"},"425":{"class":"fa fa-street-view","name":"street-view"},"426":{"class":"fa fa-suitcase","name":"suitcase"},"427":{"class":"fa fa-sun-o","name":"sun-o"},"428":{"class":"fa fa-support","name":"support (alias)"},"429":{"class":"fa fa-tablet","name":"tablet"},"430":{"class":"fa fa-tachometer","name":"tachometer"},"431":{"class":"fa fa-tag","name":"tag"},"432":{"class":"fa fa-tags","name":"tags"},"433":{"class":"fa fa-tasks","name":"tasks"},"434":{"class":"fa fa-taxi","name":"taxi"},"435":{"class":"fa fa-television","name":"television"},"436":{"class":"fa fa-terminal","name":"terminal"},"437":{"class":"fa fa-thermometer","name":"thermometer (alias)"},"438":{"class":"fa fa-thermometer-0","name":"thermometer-0 (alias)"},"439":{"class":"fa fa-thermometer-1","name":"thermometer-1 (alias)"},"440":{"class":"fa fa-thermometer-2","name":"thermometer-2 (alias)"},"441":{"class":"fa fa-thermometer-3","name":"thermometer-3 (alias)"},"442":{"class":"fa fa-thermometer-4","name":"thermometer-4 (alias)"},"443":{"class":"fa fa-thermometer-empty","name":"thermometer-empty"},"444":{"class":"fa fa-thermometer-full","name":"thermometer-full"},"445":{"class":"fa fa-thermometer-half","name":"thermometer-half"},"446":{"class":"fa fa-thermometer-quarter","name":"thermometer-quarter"},"447":{"class":"fa fa-thermometer-three-quarters","name":"thermometer-three-quarters"},"448":{"class":"fa fa-thumb-tack","name":"thumb-tack"},"449":{"class":"fa fa-thumbs-down","name":"thumbs-down"},"450":{"class":"fa fa-thumbs-o-down","name":"thumbs-o-down"},"451":{"class":"fa fa-thumbs-o-up","name":"thumbs-o-up"},"452":{"class":"fa fa-thumbs-up","name":"thumbs-up"},"453":{"class":"fa fa-ticket","name":"ticket"},"454":{"class":"fa fa-times","name":"times"},"455":{"class":"fa fa-times-circle","name":"times-circle"},"456":{"class":"fa fa-times-circle-o","name":"times-circle-o"},"457":{"class":"fa fa-times-rectangle","name":"times-rectangle (alias)"},"458":{"class":"fa fa-times-rectangle-o","name":"times-rectangle-o (alias)"},"459":{"class":"fa fa-tint","name":"tint"},"460":{"class":"fa fa-toggle-down","name":"toggle-down (alias)"},"461":{"class":"fa fa-toggle-left","name":"toggle-left (alias)"},"462":{"class":"fa fa-toggle-off","name":"toggle-off"},"463":{"class":"fa fa-toggle-on","name":"toggle-on"},"464":{"class":"fa fa-toggle-right","name":"toggle-right (alias)"},"465":{"class":"fa fa-toggle-up","name":"toggle-up (alias)"},"466":{"class":"fa fa-trademark","name":"trademark"},"467":{"class":"fa fa-trash","name":"trash"},"468":{"class":"fa fa-trash-o","name":"trash-o"},"469":{"class":"fa fa-tree","name":"tree"},"470":{"class":"fa fa-trophy","name":"trophy"},"471":{"class":"fa fa-truck","name":"truck"},"472":{"class":"fa fa-tty","name":"tty"},"473":{"class":"fa fa-tv","name":"tv (alias)"},"474":{"class":"fa fa-umbrella","name":"umbrella"},"475":{"class":"fa fa-universal-access","name":"universal-access"},"476":{"class":"fa fa-university","name":"university"},"477":{"class":"fa fa-unlock","name":"unlock"},"478":{"class":"fa fa-unlock-alt","name":"unlock-alt"},"479":{"class":"fa fa-unsorted","name":"unsorted (alias)"},"480":{"class":"fa fa-upload","name":"upload"},"481":{"class":"fa fa-user","name":"user"},"482":{"class":"fa fa-user-circle","name":"user-circle"},"483":{"class":"fa fa-user-circle-o","name":"user-circle-o"},"484":{"class":"fa fa-user-o","name":"user-o"},"485":{"class":"fa fa-user-plus","name":"user-plus"},"486":{"class":"fa fa-user-secret","name":"user-secret"},"487":{"class":"fa fa-user-times","name":"user-times"},"488":{"class":"fa fa-users","name":"users"},"489":{"class":"fa fa-vcard","name":"vcard (alias)"},"490":{"class":"fa fa-vcard-o","name":"vcard-o (alias)"},"491":{"class":"fa fa-video-camera","name":"video-camera"},"492":{"class":"fa fa-volume-control-phone","name":"volume-control-phone"},"493":{"class":"fa fa-volume-down","name":"volume-down"},"494":{"class":"fa fa-volume-off","name":"volume-off"},"495":{"class":"fa fa-volume-up","name":"volume-up"},"496":{"class":"fa fa-warning","name":"warning (alias)"},"497":{"class":"fa fa-wheelchair","name":"wheelchair"},"498":{"class":"fa fa-wheelchair-alt","name":"wheelchair-alt"},"499":{"class":"fa fa-wifi","name":"wifi"},"500":{"class":"fa fa-window-close","name":"window-close"},"501":{"class":"fa fa-window-close-o","name":"window-close-o"},"502":{"class":"fa fa-window-maximize","name":"window-maximize"},"503":{"class":"fa fa-window-minimize","name":"window-minimize"},"504":{"class":"fa fa-window-restore","name":"window-restore"},"505":{"class":"fa fa-wrench","name":"wrench"},"506":{"class":"fa fa-american-sign-language-interpreting","name":"american-sign-language-interpreting"},"507":{"class":"fa fa-asl-interpreting","name":"asl-interpreting (alias)"},"508":{"class":"fa fa-assistive-listening-systems","name":"assistive-listening-systems"},"509":{"class":"fa fa-audio-description","name":"audio-description"},"510":{"class":"fa fa-blind","name":"blind"},"511":{"class":"fa fa-braille","name":"braille"},"512":{"class":"fa fa-cc","name":"cc"},"513":{"class":"fa fa-deaf","name":"deaf"},"514":{"class":"fa fa-deafness","name":"deafness (alias)"},"515":{"class":"fa fa-hard-of-hearing","name":"hard-of-hearing (alias)"},"516":{"class":"fa fa-low-vision","name":"low-vision"},"517":{"class":"fa fa-question-circle-o","name":"question-circle-o"},"518":{"class":"fa fa-sign-language","name":"sign-language"},"519":{"class":"fa fa-signing","name":"signing (alias)"},"520":{"class":"fa fa-tty","name":"tty"},"521":{"class":"fa fa-universal-access","name":"universal-access"},"522":{"class":"fa fa-volume-control-phone","name":"volume-control-phone"},"523":{"class":"fa fa-wheelchair","name":"wheelchair"},"524":{"class":"fa fa-wheelchair-alt","name":"wheelchair-alt"},"525":{"class":"fa fa-hand-grab-o","name":"hand-grab-o (alias)"},"526":{"class":"fa fa-hand-lizard-o","name":"hand-lizard-o"},"527":{"class":"fa fa-hand-o-down","name":"hand-o-down"},"528":{"class":"fa fa-hand-o-left","name":"hand-o-left"},"529":{"class":"fa fa-hand-o-right","name":"hand-o-right"},"530":{"class":"fa fa-hand-o-up","name":"hand-o-up"},"531":{"class":"fa fa-hand-paper-o","name":"hand-paper-o"},"532":{"class":"fa fa-hand-peace-o","name":"hand-peace-o"},"533":{"class":"fa fa-hand-pointer-o","name":"hand-pointer-o"},"534":{"class":"fa fa-hand-rock-o","name":"hand-rock-o"},"535":{"class":"fa fa-hand-scissors-o","name":"hand-scissors-o"},"536":{"class":"fa fa-hand-spock-o","name":"hand-spock-o"},"537":{"class":"fa fa-hand-stop-o","name":"hand-stop-o (alias)"},"538":{"class":"fa fa-thumbs-down","name":"thumbs-down"},"539":{"class":"fa fa-thumbs-o-down","name":"thumbs-o-down"},"540":{"class":"fa fa-thumbs-o-up","name":"thumbs-o-up"},"541":{"class":"fa fa-thumbs-up","name":"thumbs-up"},"542":{"class":"fa fa-ambulance","name":"ambulance"},"543":{"class":"fa fa-automobile","name":"automobile (alias)"},"544":{"class":"fa fa-bicycle","name":"bicycle"},"545":{"class":"fa fa-bus","name":"bus"},"546":{"class":"fa fa-cab","name":"cab (alias)"},"547":{"class":"fa fa-car","name":"car"},"548":{"class":"fa fa-fighter-jet","name":"fighter-jet"},"549":{"class":"fa fa-motorcycle","name":"motorcycle"},"550":{"class":"fa fa-plane","name":"plane"},"551":{"class":"fa fa-rocket","name":"rocket"},"552":{"class":"fa fa-ship","name":"ship"},"553":{"class":"fa fa-space-shuttle","name":"space-shuttle"},"554":{"class":"fa fa-subway","name":"subway"},"555":{"class":"fa fa-taxi","name":"taxi"},"556":{"class":"fa fa-train","name":"train"},"557":{"class":"fa fa-truck","name":"truck"},"558":{"class":"fa fa-wheelchair","name":"wheelchair"},"559":{"class":"fa fa-wheelchair-alt","name":"wheelchair-alt"},"560":{"class":"fa fa-genderless","name":"genderless"},"561":{"class":"fa fa-intersex","name":"intersex (alias)"},"562":{"class":"fa fa-mars","name":"mars"},"563":{"class":"fa fa-mars-double","name":"mars-double"},"564":{"class":"fa fa-mars-stroke","name":"mars-stroke"},"565":{"class":"fa fa-mars-stroke-h","name":"mars-stroke-h"},"566":{"class":"fa fa-mars-stroke-v","name":"mars-stroke-v"},"567":{"class":"fa fa-mercury","name":"mercury"},"568":{"class":"fa fa-neuter","name":"neuter"},"569":{"class":"fa fa-transgender","name":"transgender"},"570":{"class":"fa fa-transgender-alt","name":"transgender-alt"},"571":{"class":"fa fa-venus","name":"venus"},"572":{"class":"fa fa-venus-double","name":"venus-double"},"573":{"class":"fa fa-venus-mars","name":"venus-mars"},"574":{"class":"fa fa-file","name":"file"},"575":{"class":"fa fa-file-archive-o","name":"file-archive-o"},"576":{"class":"fa fa-file-audio-o","name":"file-audio-o"},"577":{"class":"fa fa-file-code-o","name":"file-code-o"},"578":{"class":"fa fa-file-excel-o","name":"file-excel-o"},"579":{"class":"fa fa-file-image-o","name":"file-image-o"},"580":{"class":"fa fa-file-movie-o","name":"file-movie-o (alias)"},"581":{"class":"fa fa-file-o","name":"file-o"},"582":{"class":"fa fa-file-pdf-o","name":"file-pdf-o"},"583":{"class":"fa fa-file-photo-o","name":"file-photo-o (alias)"},"584":{"class":"fa fa-file-picture-o","name":"file-picture-o (alias)"},"585":{"class":"fa fa-file-powerpoint-o","name":"file-powerpoint-o"},"586":{"class":"fa fa-file-sound-o","name":"file-sound-o (alias)"},"587":{"class":"fa fa-file-text","name":"file-text"},"588":{"class":"fa fa-file-text-o","name":"file-text-o"},"589":{"class":"fa fa-file-video-o","name":"file-video-o"},"590":{"class":"fa fa-file-word-o","name":"file-word-o"},"591":{"class":"fa fa-file-zip-o","name":"file-zip-o (alias)"},"592":{"class":"fa fa-circle-o-notch","name":"circle-o-notch"},"593":{"class":"fa fa-cog","name":"cog"},"594":{"class":"fa fa-gear","name":"gear (alias)"},"595":{"class":"fa fa-refresh","name":"refresh"},"596":{"class":"fa fa-spinner","name":"spinner"},"597":{"class":"fa fa-check-square","name":"check-square"},"598":{"class":"fa fa-check-square-o","name":"check-square-o"},"599":{"class":"fa fa-circle","name":"circle"},"600":{"class":"fa fa-circle-o","name":"circle-o"},"601":{"class":"fa fa-dot-circle-o","name":"dot-circle-o"},"602":{"class":"fa fa-minus-square","name":"minus-square"},"603":{"class":"fa fa-minus-square-o","name":"minus-square-o"},"604":{"class":"fa fa-plus-square","name":"plus-square"},"605":{"class":"fa fa-plus-square-o","name":"plus-square-o"},"606":{"class":"fa fa-square","name":"square"},"607":{"class":"fa fa-square-o","name":"square-o"},"608":{"class":"fa fa-cc-amex","name":"cc-amex"},"609":{"class":"fa fa-cc-diners-club","name":"cc-diners-club"},"610":{"class":"fa fa-cc-discover","name":"cc-discover"},"611":{"class":"fa fa-cc-jcb","name":"cc-jcb"},"612":{"class":"fa fa-cc-mastercard","name":"cc-mastercard"},"613":{"class":"fa fa-cc-paypal","name":"cc-paypal"},"614":{"class":"fa fa-cc-stripe","name":"cc-stripe"},"615":{"class":"fa fa-cc-visa","name":"cc-visa"},"616":{"class":"fa fa-credit-card","name":"credit-card"},"617":{"class":"fa fa-credit-card-alt","name":"credit-card-alt"},"618":{"class":"fa fa-google-wallet","name":"google-wallet"},"619":{"class":"fa fa-paypal","name":"paypal"},"620":{"class":"fa fa-area-chart","name":"area-chart"},"621":{"class":"fa fa-bar-chart","name":"bar-chart"},"622":{"class":"fa fa-bar-chart-o","name":"bar-chart-o (alias)"},"623":{"class":"fa fa-line-chart","name":"line-chart"},"624":{"class":"fa fa-pie-chart","name":"pie-chart"},"625":{"class":"fa fa-bitcoin","name":"bitcoin (alias)"},"626":{"class":"fa fa-btc","name":"btc"},"627":{"class":"fa fa-cny","name":"cny (alias)"},"628":{"class":"fa fa-dollar","name":"dollar (alias)"},"629":{"class":"fa fa-eur","name":"eur"},"630":{"class":"fa fa-euro","name":"euro (alias)"},"631":{"class":"fa fa-gbp","name":"gbp"},"632":{"class":"fa fa-gg","name":"gg"},"633":{"class":"fa fa-gg-circle","name":"gg-circle"},"634":{"class":"fa fa-ils","name":"ils"},"635":{"class":"fa fa-inr","name":"inr"},"636":{"class":"fa fa-jpy","name":"jpy"},"637":{"class":"fa fa-krw","name":"krw"},"638":{"class":"fa fa-money","name":"money"},"639":{"class":"fa fa-rmb","name":"rmb (alias)"},"640":{"class":"fa fa-rouble","name":"rouble (alias)"},"641":{"class":"fa fa-rub","name":"rub"},"642":{"class":"fa fa-ruble","name":"ruble (alias)"},"643":{"class":"fa fa-rupee","name":"rupee (alias)"},"644":{"class":"fa fa-shekel","name":"shekel (alias)"},"645":{"class":"fa fa-sheqel","name":"sheqel (alias)"},"646":{"class":"fa fa-try","name":"try"},"647":{"class":"fa fa-turkish-lira","name":"turkish-lira (alias)"},"648":{"class":"fa fa-usd","name":"usd"},"649":{"class":"fa fa-won","name":"won (alias)"},"650":{"class":"fa fa-yen","name":"yen (alias)"},"651":{"class":"fa fa-align-center","name":"align-center"},"652":{"class":"fa fa-align-justify","name":"align-justify"},"653":{"class":"fa fa-align-left","name":"align-left"},"654":{"class":"fa fa-align-right","name":"align-right"},"655":{"class":"fa fa-bold","name":"bold"},"656":{"class":"fa fa-chain","name":"chain (alias)"},"657":{"class":"fa fa-chain-broken","name":"chain-broken"},"658":{"class":"fa fa-clipboard","name":"clipboard"},"659":{"class":"fa fa-columns","name":"columns"},"660":{"class":"fa fa-copy","name":"copy (alias)"},"661":{"class":"fa fa-cut","name":"cut (alias)"},"662":{"class":"fa fa-dedent","name":"dedent (alias)"},"663":{"class":"fa fa-eraser","name":"eraser"},"664":{"class":"fa fa-file","name":"file"},"665":{"class":"fa fa-file-o","name":"file-o"},"666":{"class":"fa fa-file-text","name":"file-text"},"667":{"class":"fa fa-file-text-o","name":"file-text-o"},"668":{"class":"fa fa-files-o","name":"files-o"},"669":{"class":"fa fa-floppy-o","name":"floppy-o"},"670":{"class":"fa fa-font","name":"font"},"671":{"class":"fa fa-header","name":"header"},"672":{"class":"fa fa-indent","name":"indent"},"673":{"class":"fa fa-italic","name":"italic"},"674":{"class":"fa fa-link","name":"link"},"675":{"class":"fa fa-list","name":"list"},"676":{"class":"fa fa-list-alt","name":"list-alt"},"677":{"class":"fa fa-list-ol","name":"list-ol"},"678":{"class":"fa fa-list-ul","name":"list-ul"},"679":{"class":"fa fa-outdent","name":"outdent"},"680":{"class":"fa fa-paperclip","name":"paperclip"},"681":{"class":"fa fa-paragraph","name":"paragraph"},"682":{"class":"fa fa-paste","name":"paste (alias)"},"683":{"class":"fa fa-repeat","name":"repeat"},"684":{"class":"fa fa-rotate-left","name":"rotate-left (alias)"},"685":{"class":"fa fa-rotate-right","name":"rotate-right (alias)"},"686":{"class":"fa fa-save","name":"save (alias)"},"687":{"class":"fa fa-scissors","name":"scissors"},"688":{"class":"fa fa-strikethrough","name":"strikethrough"},"689":{"class":"fa fa-subscript","name":"subscript"},"690":{"class":"fa fa-superscript","name":"superscript"},"691":{"class":"fa fa-table","name":"table"},"692":{"class":"fa fa-text-height","name":"text-height"},"693":{"class":"fa fa-text-width","name":"text-width"},"694":{"class":"fa fa-th","name":"th"},"695":{"class":"fa fa-th-large","name":"th-large"},"696":{"class":"fa fa-th-list","name":"th-list"},"697":{"class":"fa fa-underline","name":"underline"},"698":{"class":"fa fa-undo","name":"undo"},"699":{"class":"fa fa-unlink","name":"unlink (alias)"},"700":{"class":"fa fa-angle-double-down","name":"angle-double-down"},"701":{"class":"fa fa-angle-double-left","name":"angle-double-left"},"702":{"class":"fa fa-angle-double-right","name":"angle-double-right"},"703":{"class":"fa fa-angle-double-up","name":"angle-double-up"},"704":{"class":"fa fa-angle-down","name":"angle-down"},"705":{"class":"fa fa-angle-left","name":"angle-left"},"706":{"class":"fa fa-angle-right","name":"angle-right"},"707":{"class":"fa fa-angle-up","name":"angle-up"},"708":{"class":"fa fa-arrow-circle-down","name":"arrow-circle-down"},"709":{"class":"fa fa-arrow-circle-left","name":"arrow-circle-left"},"710":{"class":"fa fa-arrow-circle-o-down","name":"arrow-circle-o-down"},"711":{"class":"fa fa-arrow-circle-o-left","name":"arrow-circle-o-left"},"712":{"class":"fa fa-arrow-circle-o-right","name":"arrow-circle-o-right"},"713":{"class":"fa fa-arrow-circle-o-up","name":"arrow-circle-o-up"},"714":{"class":"fa fa-arrow-circle-right","name":"arrow-circle-right"},"715":{"class":"fa fa-arrow-circle-up","name":"arrow-circle-up"},"716":{"class":"fa fa-arrow-down","name":"arrow-down"},"717":{"class":"fa fa-arrow-left","name":"arrow-left"},"718":{"class":"fa fa-arrow-right","name":"arrow-right"},"719":{"class":"fa fa-arrow-up","name":"arrow-up"},"720":{"class":"fa fa-arrows","name":"arrows"},"721":{"class":"fa fa-arrows-alt","name":"arrows-alt"},"722":{"class":"fa fa-arrows-h","name":"arrows-h"},"723":{"class":"fa fa-arrows-v","name":"arrows-v"},"724":{"class":"fa fa-caret-down","name":"caret-down"},"725":{"class":"fa fa-caret-left","name":"caret-left"},"726":{"class":"fa fa-caret-right","name":"caret-right"},"727":{"class":"fa fa-caret-square-o-down","name":"caret-square-o-down"},"728":{"class":"fa fa-caret-square-o-left","name":"caret-square-o-left"},"729":{"class":"fa fa-caret-square-o-right","name":"caret-square-o-right"},"730":{"class":"fa fa-caret-square-o-up","name":"caret-square-o-up"},"731":{"class":"fa fa-caret-up","name":"caret-up"},"732":{"class":"fa fa-chevron-circle-down","name":"chevron-circle-down"},"733":{"class":"fa fa-chevron-circle-left","name":"chevron-circle-left"},"734":{"class":"fa fa-chevron-circle-right","name":"chevron-circle-right"},"735":{"class":"fa fa-chevron-circle-up","name":"chevron-circle-up"},"736":{"class":"fa fa-chevron-down","name":"chevron-down"},"737":{"class":"fa fa-chevron-left","name":"chevron-left"},"738":{"class":"fa fa-chevron-right","name":"chevron-right"},"739":{"class":"fa fa-chevron-up","name":"chevron-up"},"740":{"class":"fa fa-exchange","name":"exchange"},"741":{"class":"fa fa-hand-o-down","name":"hand-o-down"},"742":{"class":"fa fa-hand-o-left","name":"hand-o-left"},"743":{"class":"fa fa-hand-o-right","name":"hand-o-right"},"744":{"class":"fa fa-hand-o-up","name":"hand-o-up"},"745":{"class":"fa fa-long-arrow-down","name":"long-arrow-down"},"746":{"class":"fa fa-long-arrow-left","name":"long-arrow-left"},"747":{"class":"fa fa-long-arrow-right","name":"long-arrow-right"},"748":{"class":"fa fa-long-arrow-up","name":"long-arrow-up"},"749":{"class":"fa fa-toggle-down","name":"toggle-down (alias)"},"750":{"class":"fa fa-toggle-left","name":"toggle-left (alias)"},"751":{"class":"fa fa-toggle-right","name":"toggle-right (alias)"},"752":{"class":"fa fa-toggle-up","name":"toggle-up (alias)"},"753":{"class":"fa fa-arrows-alt","name":"arrows-alt"},"754":{"class":"fa fa-backward","name":"backward"},"755":{"class":"fa fa-compress","name":"compress"},"756":{"class":"fa fa-eject","name":"eject"},"757":{"class":"fa fa-expand","name":"expand"},"758":{"class":"fa fa-fast-backward","name":"fast-backward"},"759":{"class":"fa fa-fast-forward","name":"fast-forward"},"760":{"class":"fa fa-forward","name":"forward"},"761":{"class":"fa fa-pause","name":"pause"},"762":{"class":"fa fa-pause-circle","name":"pause-circle"},"763":{"class":"fa fa-pause-circle-o","name":"pause-circle-o"},"764":{"class":"fa fa-play","name":"play"},"765":{"class":"fa fa-play-circle","name":"play-circle"},"766":{"class":"fa fa-play-circle-o","name":"play-circle-o"},"767":{"class":"fa fa-random","name":"random"},"768":{"class":"fa fa-step-backward","name":"step-backward"},"769":{"class":"fa fa-step-forward","name":"step-forward"},"770":{"class":"fa fa-stop","name":"stop"},"771":{"class":"fa fa-stop-circle","name":"stop-circle"},"772":{"class":"fa fa-stop-circle-o","name":"stop-circle-o"},"773":{"class":"fa fa-youtube-play","name":"youtube-play"},"774":{"class":"fa fa-500px","name":"500px"},"775":{"class":"fa fa-adn","name":"adn"},"776":{"class":"fa fa-amazon","name":"amazon"},"777":{"class":"fa fa-android","name":"android"},"778":{"class":"fa fa-angellist","name":"angellist"},"779":{"class":"fa fa-apple","name":"apple"},"780":{"class":"fa fa-bandcamp","name":"bandcamp"},"781":{"class":"fa fa-behance","name":"behance"},"782":{"class":"fa fa-behance-square","name":"behance-square"},"783":{"class":"fa fa-bitbucket","name":"bitbucket"},"784":{"class":"fa fa-bitbucket-square","name":"bitbucket-square"},"785":{"class":"fa fa-bitcoin","name":"bitcoin (alias)"},"786":{"class":"fa fa-black-tie","name":"black-tie"},"787":{"class":"fa fa-bluetooth","name":"bluetooth"},"788":{"class":"fa fa-bluetooth-b","name":"bluetooth-b"},"789":{"class":"fa fa-btc","name":"btc"},"790":{"class":"fa fa-buysellads","name":"buysellads"},"791":{"class":"fa fa-cc-amex","name":"cc-amex"},"792":{"class":"fa fa-cc-diners-club","name":"cc-diners-club"},"793":{"class":"fa fa-cc-discover","name":"cc-discover"},"794":{"class":"fa fa-cc-jcb","name":"cc-jcb"},"795":{"class":"fa fa-cc-mastercard","name":"cc-mastercard"},"796":{"class":"fa fa-cc-paypal","name":"cc-paypal"},"797":{"class":"fa fa-cc-stripe","name":"cc-stripe"},"798":{"class":"fa fa-cc-visa","name":"cc-visa"},"799":{"class":"fa fa-chrome","name":"chrome"},"800":{"class":"fa fa-codepen","name":"codepen"},"801":{"class":"fa fa-codiepie","name":"codiepie"},"802":{"class":"fa fa-connectdevelop","name":"connectdevelop"},"803":{"class":"fa fa-contao","name":"contao"},"804":{"class":"fa fa-css3","name":"css3"},"805":{"class":"fa fa-dashcube","name":"dashcube"},"806":{"class":"fa fa-delicious","name":"delicious"},"807":{"class":"fa fa-deviantart","name":"deviantart"},"808":{"class":"fa fa-digg","name":"digg"},"809":{"class":"fa fa-dribbble","name":"dribbble"},"810":{"class":"fa fa-dropbox","name":"dropbox"},"811":{"class":"fa fa-drupal","name":"drupal"},"812":{"class":"fa fa-edge","name":"edge"},"813":{"class":"fa fa-eercast","name":"eercast"},"814":{"class":"fa fa-empire","name":"empire"},"815":{"class":"fa fa-envira","name":"envira"},"816":{"class":"fa fa-etsy","name":"etsy"},"817":{"class":"fa fa-expeditedssl","name":"expeditedssl"},"818":{"class":"fa fa-fa","name":"fa (alias)"},"819":{"class":"fa fa-facebook","name":"facebook"},"820":{"class":"fa fa-facebook-f","name":"facebook-f (alias)"},"821":{"class":"fa fa-facebook-official","name":"facebook-official"},"822":{"class":"fa fa-facebook-square","name":"facebook-square"},"823":{"class":"fa fa-firefox","name":"firefox"},"824":{"class":"fa fa-first-order","name":"first-order"},"825":{"class":"fa fa-flickr","name":"flickr"},"826":{"class":"fa fa-font-awesome","name":"font-awesome"},"827":{"class":"fa fa-fonticons","name":"fonticons"},"828":{"class":"fa fa-fort-awesome","name":"fort-awesome"},"829":{"class":"fa fa-forumbee","name":"forumbee"},"830":{"class":"fa fa-foursquare","name":"foursquare"},"831":{"class":"fa fa-free-code-camp","name":"free-code-camp"},"832":{"class":"fa fa-ge","name":"ge (alias)"},"833":{"class":"fa fa-get-pocket","name":"get-pocket"},"834":{"class":"fa fa-gg","name":"gg"},"835":{"class":"fa fa-gg-circle","name":"gg-circle"},"836":{"class":"fa fa-git","name":"git"},"837":{"class":"fa fa-git-square","name":"git-square"},"838":{"class":"fa fa-github","name":"github"},"839":{"class":"fa fa-github-alt","name":"github-alt"},"840":{"class":"fa fa-github-square","name":"github-square"},"841":{"class":"fa fa-gitlab","name":"gitlab"},"842":{"class":"fa fa-gittip","name":"gittip (alias)"},"843":{"class":"fa fa-glide","name":"glide"},"844":{"class":"fa fa-glide-g","name":"glide-g"},"845":{"class":"fa fa-google","name":"google"},"846":{"class":"fa fa-google-plus","name":"google-plus"},"847":{"class":"fa fa-google-plus-circle","name":"google-plus-circle (alias)"},"848":{"class":"fa fa-google-plus-official","name":"google-plus-official"},"849":{"class":"fa fa-google-plus-square","name":"google-plus-square"},"850":{"class":"fa fa-google-wallet","name":"google-wallet"},"851":{"class":"fa fa-gratipay","name":"gratipay"},"852":{"class":"fa fa-grav","name":"grav"},"853":{"class":"fa fa-hacker-news","name":"hacker-news"},"854":{"class":"fa fa-houzz","name":"houzz"},"855":{"class":"fa fa-html5","name":"html5"},"856":{"class":"fa fa-imdb","name":"imdb"},"857":{"class":"fa fa-instagram","name":"instagram"},"858":{"class":"fa fa-internet-explorer","name":"internet-explorer"},"859":{"class":"fa fa-ioxhost","name":"ioxhost"},"860":{"class":"fa fa-joomla","name":"joomla"},"861":{"class":"fa fa-jsfiddle","name":"jsfiddle"},"862":{"class":"fa fa-lastfm","name":"lastfm"},"863":{"class":"fa fa-lastfm-square","name":"lastfm-square"},"864":{"class":"fa fa-leanpub","name":"leanpub"},"865":{"class":"fa fa-linkedin","name":"linkedin"},"866":{"class":"fa fa-linkedin-square","name":"linkedin-square"},"867":{"class":"fa fa-linode","name":"linode"},"868":{"class":"fa fa-linux","name":"linux"},"869":{"class":"fa fa-maxcdn","name":"maxcdn"},"870":{"class":"fa fa-meanpath","name":"meanpath"},"871":{"class":"fa fa-medium","name":"medium"},"872":{"class":"fa fa-meetup","name":"meetup"},"873":{"class":"fa fa-mixcloud","name":"mixcloud"},"874":{"class":"fa fa-modx","name":"modx"},"875":{"class":"fa fa-odnoklassniki","name":"odnoklassniki"},"876":{"class":"fa fa-odnoklassniki-square","name":"odnoklassniki-square"},"877":{"class":"fa fa-opencart","name":"opencart"},"878":{"class":"fa fa-openid","name":"openid"},"879":{"class":"fa fa-opera","name":"opera"},"880":{"class":"fa fa-optin-monster","name":"optin-monster"},"881":{"class":"fa fa-pagelines","name":"pagelines"},"882":{"class":"fa fa-paypal","name":"paypal"},"883":{"class":"fa fa-pied-piper","name":"pied-piper"},"884":{"class":"fa fa-pied-piper-alt","name":"pied-piper-alt"},"885":{"class":"fa fa-pied-piper-pp","name":"pied-piper-pp"},"886":{"class":"fa fa-pinterest","name":"pinterest"},"887":{"class":"fa fa-pinterest-p","name":"pinterest-p"},"888":{"class":"fa fa-pinterest-square","name":"pinterest-square"},"889":{"class":"fa fa-product-hunt","name":"product-hunt"},"890":{"class":"fa fa-qq","name":"qq"},"891":{"class":"fa fa-quora","name":"quora"},"892":{"class":"fa fa-ra","name":"ra (alias)"},"893":{"class":"fa fa-ravelry","name":"ravelry"},"894":{"class":"fa fa-rebel","name":"rebel"},"895":{"class":"fa fa-reddit","name":"reddit"},"896":{"class":"fa fa-reddit-alien","name":"reddit-alien"},"897":{"class":"fa fa-reddit-square","name":"reddit-square"},"898":{"class":"fa fa-renren","name":"renren"},"899":{"class":"fa fa-resistance","name":"resistance (alias)"},"900":{"class":"fa fa-safari","name":"safari"},"901":{"class":"fa fa-scribd","name":"scribd"},"902":{"class":"fa fa-sellsy","name":"sellsy"},"903":{"class":"fa fa-share-alt","name":"share-alt"},"904":{"class":"fa fa-share-alt-square","name":"share-alt-square"},"905":{"class":"fa fa-shirtsinbulk","name":"shirtsinbulk"},"906":{"class":"fa fa-simplybuilt","name":"simplybuilt"},"907":{"class":"fa fa-skyatlas","name":"skyatlas"},"908":{"class":"fa fa-skype","name":"skype"},"909":{"class":"fa fa-slack","name":"slack"},"910":{"class":"fa fa-slideshare","name":"slideshare"},"911":{"class":"fa fa-snapchat","name":"snapchat"},"912":{"class":"fa fa-snapchat-ghost","name":"snapchat-ghost"},"913":{"class":"fa fa-snapchat-square","name":"snapchat-square"},"914":{"class":"fa fa-soundcloud","name":"soundcloud"},"915":{"class":"fa fa-spotify","name":"spotify"},"916":{"class":"fa fa-stack-exchange","name":"stack-exchange"},"917":{"class":"fa fa-stack-overflow","name":"stack-overflow"},"918":{"class":"fa fa-steam","name":"steam"},"919":{"class":"fa fa-steam-square","name":"steam-square"},"920":{"class":"fa fa-stumbleupon","name":"stumbleupon"},"921":{"class":"fa fa-stumbleupon-circle","name":"stumbleupon-circle"},"922":{"class":"fa fa-superpowers","name":"superpowers"},"923":{"class":"fa fa-telegram","name":"telegram"},"924":{"class":"fa fa-tencent-weibo","name":"tencent-weibo"},"925":{"class":"fa fa-themeisle","name":"themeisle"},"926":{"class":"fa fa-trello","name":"trello"},"927":{"class":"fa fa-tripadvisor","name":"tripadvisor"},"928":{"class":"fa fa-tumblr","name":"tumblr"},"929":{"class":"fa fa-tumblr-square","name":"tumblr-square"},"930":{"class":"fa fa-twitch","name":"twitch"},"931":{"class":"fa fa-twitter","name":"twitter"},"932":{"class":"fa fa-twitter-square","name":"twitter-square"},"933":{"class":"fa fa-usb","name":"usb"},"934":{"class":"fa fa-viacoin","name":"viacoin"},"935":{"class":"fa fa-viadeo","name":"viadeo"},"936":{"class":"fa fa-viadeo-square","name":"viadeo-square"},"937":{"class":"fa fa-vimeo","name":"vimeo"},"938":{"class":"fa fa-vimeo-square","name":"vimeo-square"},"939":{"class":"fa fa-vine","name":"vine"},"940":{"class":"fa fa-vk","name":"vk"},"941":{"class":"fa fa-wechat","name":"wechat (alias)"},"942":{"class":"fa fa-weibo","name":"weibo"},"943":{"class":"fa fa-weixin","name":"weixin"},"944":{"class":"fa fa-whatsapp","name":"whatsapp"},"945":{"class":"fa fa-wikipedia-w","name":"wikipedia-w"},"946":{"class":"fa fa-windows","name":"windows"},"947":{"class":"fa fa-wordpress","name":"wordpress"},"948":{"class":"fa fa-wpbeginner","name":"wpbeginner"},"949":{"class":"fa fa-wpexplorer","name":"wpexplorer"},"950":{"class":"fa fa-wpforms","name":"wpforms"},"951":{"class":"fa fa-xing","name":"xing"},"952":{"class":"fa fa-xing-square","name":"xing-square"},"953":{"class":"fa fa-y-combinator","name":"y-combinator"},"954":{"class":"fa fa-y-combinator-square","name":"y-combinator-square (alias)"},"955":{"class":"fa fa-yahoo","name":"yahoo"},"956":{"class":"fa fa-yc","name":"yc (alias)"},"957":{"class":"fa fa-yc-square","name":"yc-square (alias)"},"958":{"class":"fa fa-yelp","name":"yelp"},"959":{"class":"fa fa-yoast","name":"yoast"},"960":{"class":"fa fa-youtube","name":"youtube"},"961":{"class":"fa fa-youtube-play","name":"youtube-play"},"962":{"class":"fa fa-youtube-square","name":"youtube-square"},"963":{"class":"fa fa-ambulance","name":"ambulance"},"964":{"class":"fa fa-h-square","name":"h-square"},"965":{"class":"fa fa-heart","name":"heart"},"966":{"class":"fa fa-heart-o","name":"heart-o"},"967":{"class":"fa fa-heartbeat","name":"heartbeat"},"968":{"class":"fa fa-hospital-o","name":"hospital-o"},"969":{"class":"fa fa-medkit","name":"medkit"},"970":{"class":"fa fa-plus-square","name":"plus-square"},"971":{"class":"fa fa-stethoscope","name":"stethoscope"},"972":{"class":"fa fa-user-md","name":"user-md"},"973":{"class":"fa fa-wheelchair","name":"wheelchair"},"974":{"class":"fa fa-wheelchair-alt","name":"wheelchair-alt"}}
